<Configuration>
<Add OfficeClientEdition="64" Channel="PerpetualVL2021">
    <Product ID="ProPlus2021Volume">
      <Language ID="en-US" />
      <Language ID="vi-VN" />
      <ExcludeApp ID="Access" />
      <ExcludeApp ID="Publisher" />
      <ExcludeApp ID="Groove" />
      <ExcludeApp ID="Lync" />
      <ExcludeApp ID="OneNote" />
      <ExcludeApp ID="Outlook" />
      <ExcludeApp ID="OneDrive" />
      <ExcludeApp ID="Teams" />
    </Product>
</Add>
<Display Level="Full" AcceptEULA="TRUE" />
<Updates Enabled="TRUE" Channel="PerpetualVL2021" />
</Configuration>
<!--  OInstallSetting Branch=1  -->
<!--  OInstallSetting Office=0  -->
<!--  OInstallSetting Arch=0  -->
<!--  OInstallSetting Redact=2  -->
<!--  OInstallSetting Product=0  -->
<!--  OInstallSetting UseODT=0  -->
<!--  OInstallSetting UseDarkTheme=1  -->
<!--  OInstallSetting OnlineKMS=1  -->
<!--  OInstallSetting PATH=  -->
<!--  OInstallSetting Lang en-US  -->
